Title,Comments,Subreddit
A note about bullying little kids on YouTube,"If you do it here, you'll be banned, no questions.

This isn't a place to incite hatred and ruin a kid's life over their opinion of a celebrity (or anything else, for that matter).

[Shit like this right here is what we're talking about.](https://i.imgur.com/PNv61Yg.jpg)

Remember the human.

Thank you.

EDIT: Some other examples:

[Titled, ""Do your part""](https://i.imgur.com/h8FMta3.png)

[Titled, ""Time for a crusade""](https://i.imgur.com/lbanOhP.jpg) (shown actual size, sadly)",memes
"I did a thing, I think...",,memes
I wish i could get one too,,memes
not an Area 51 meme,,memes
who is actually going?,,memes
They can‚Äôt stop all of us,,memes
Got you xdddd,,memes
"Ah shit, here we go again",,memes
Poor guy,,memes
I need this,,memes
High IQ meme,,memes
Being an Adult,,memes
Here¬¥s a little lesson in trickery,,memes
Easy way in boys,,memes
Upcoming situation at Area 51.,,memes
Complete destruction,,memes
Big oof,,memes
the perfect disguise,,memes
Memecraft amirite,,memes
‚ÄúBet you didn‚Äôt see that coming‚Äù,,memes
Mega yikes,,memes
He‚Äôs back,,memes
They got my business.,,memes
Carefully he is an idiot,,memes
Goodbye again Sweet Prince,,memes
Godamn finally,,memes
Rest traveler,,memes
"The radioactive man trope, such bad storytelling.",,memes
The Great Area 51 Massacre,,memes
"remember, its the effort that counts",,memes
for target practice,,memes
John Wick 4 story reveal,,memes
Don't bite the tip,,memes
"Ah shit, here we go again",,memes
She‚Äôs 100% an anti vaxxer,,memes
So babies are parasites then?,,memes
Say hi to Gned,,memes
Simpsons strike again,,memes
Well daamn,,memes
"oh frick, oh heck",,memes
Keep it on the down low,,memes
The area 51 raid,,memes
ALIENS intensifies,,memes
Support 100,,memes
"Me, on a saturday:",,memes
We‚Äôre gonna get our boi ET,,memes
We're done for,,memes
Behold the truth,,memes
Keanu can heal you,,memes
Oh no oh fuck,,memes
No you ain't,,memes
We don't need no education,,memes
Help is not always needed,,memes
Anyone else watched avatar?,,memes
Parry this,,memes
Well damn,,memes
Just what am I doing...,,memes
"The beacons are lit, Reddit calls for aid",,memes
Good chick-fli-a,,memes
Oh my goodness,,memes
Thanos will snap him out of existence,,memes
the wonders in area 51,,memes
"Let go child, there is nothing for us here.",,memes
biggest death rate in a day,,memes
True that !,,memes
"Woo, reddit!",,memes
Not my meme. Credit for originally creating it goes to u/Esghedes,,memes
Fine I'm going,,memes
Time for the crossover,,memes
Looking for area 69 now,,memes
God if this isnt me,,memes
They came they saw they conquered,,memes
"‚ÄúJust me and a few of the guys, it‚Äôs not a party or anything‚Äù",,memes
I mean I refer to them as food but you do you,,memes
We lost many Florida men,,memes
I want that alien.,,memes
WE ARE INVINCIBLE,,memes
My whole life has been a lie,,memes
How to get a heart attack 404,,memes
Normies ain‚Äôt understanding,,memes
Believe to a god,,memes
I mean he's not wrong,,memes
Could this really be true?,,memes
Gl military,,memes
Cracked ears,,memes
Oh no it‚Äôs Matt,,memes
Don‚Äôt forget bois,,memes
Say FRICK,,memes
Their secrets will be secrets no more!,,memes
"Happiness,looks tasty",,memes
Adoption = Best option,,memes
Me watching all of you retards get wiped out,,memes
I'm taking my Minecraft dog to area 51,,memes
The invaders of area 51: How....,,memes
"A moment of silence for the weebs, kyles and madlads",,memes
Cha cha real smooth,,memes
How are we lining up on the Area 51 attack,,memes
I‚Äôm so lazy that I didn‚Äôt even make this meme,,memes
"I'm new to this subreddit and don't know if this has been posted already, if it has, sorry",,memes
Dads be like,,memes
They Will help us,,memes
PLZ guys save the best for last,,memes
Ex-boyfriend,,memes
So much potential,,memes
Check the dialer first,,memes
Just for u,,memes
Not juste w a t e r,,memes
Wholesome did you know,,memes
"""Dave, zoom in closer!""",,memes
We don‚Äôt have a plan against this idea do we,,memes
Very nice.,,memes
Dicks out,,memes
Someone please explain how running like a Japanese fuckboi makes you faster,,memes
Real aliens have never been tried.,,memes
All bow thee Bob Ross,,memes
Strange days,,memes
I don‚Äôt know if this is done before,,memes
Reddit right now,,memes
I swear I didn‚Äôt,,memes
Be Ready Narutos,,memes
Weebs and Kyles unite,,memes
Global warming is real and we should really start trying to do something about it,,memes
Nestle is very bad,,memes
U really are the worst brother,,memes
"Your tastes are pretty , umm , rad",,memes
We need to stop them before it's too late!,,memes
Non area 51,,memes
We shall not fail this time!,,memes
2009 school computer problems,,memes
Ston(k)es,,memes
FBI! OPEN THE DOOR!,,memes
The internet,,memes
They did this inside there fucking movie room,,memes
Not on my erasor though,,memes
Completely bamboozled,,memes
"Yo, you just know, bro?",,memes
Nestle bad 2,,memes
Tears streaming down my face.,,memes
"Good luck in Area 51, boys",,memes
Girls are from Venus,,memes
I just tried this with my cats and it works wtf?,,memes
*cries in European*,,memes
You killed him,,memes
numbers are hard to read upside down,,memes
Middle one are not included for a reason,,memes
A little misunderstanding...,,memes
This is my first time be gentle please,,memes
Wƒõƒ´≈ôƒë ƒÅƒºƒ±√©√± √±√∏√≠≈õƒõ¬ß,,memes
400k people mysteriously vanish,,memes
I made this it‚Äôs my child,,memes
I was blind but now I see üññüèº,,memes
The secret to success.,,memes
Tip: Not dying is the key to stay alive.,,memes
I‚Äôll credit your sacrifices in my restaurant,,memes
This is not an Area 51 meme,,memes
Poor guy,,memes
I‚Äôm so proud of this community,,memes
"Oh God, oh fuck!",,memes
Sorry guysüò£,,memes
Russia is great change my mind,,memes
I can't feel my legs,,memes
But we need Halo guns!,,memes
you have succseeded,,memes
They won't stand a chance,,memes
Trickin' them antivaxxers,,memes
One punnnnnnnnnnnnnnnch!,,memes
We screwed up,,memes
My very 1st!,,memes
Imperial&gt;metric,,memes
where my rainbow six boys at,,memes
Sounds kinda fun,,memes
Good luck in September,,memes
Every time,,memes
How Snapchat is going to look September 20th when we raid Area 51,,memes
Nice username,,memes
I want to thank my ancestors for giving me the chance to witness this,,memes
Fast boi,,memes
"Hi everybody here, have a good day!",,memes
They played us like a damn fiddle,,memes
Or are we?,,memes
MUMBO CMON!!!!,,memes
Everything is awesome!!!!,,memes
wow how much do I have to write,,memes
Mom can we can we?,,memes
"Let's do good instead of raiding Area 51... Nah, just kidding",,memes
A surprise to be sure,,memes
Some Alabama level,,memes
nOt UnTiL yOu MoVe OuT,,memes
We must save them!,,memes
Mine too to be fair....,,memes
They're actually siblings.,,memes
Nobody expected the SPANISH INQUISITION,,memes
*Screaming*,,memes
The government has a big brain. We goofed,,memes
Just a test,,memes
"Even if they didn‚Äôt, they have until September to do it",,memes
You are right,,memes
F. For my boy,,memes
"[OC] Roads? Where we‚Äôre going, we don‚Äôt need roads!",,memes
Lemme find out..,,memes
Together we can make a difference,,memes
This will probably get burried under all the area 51 memes but i thought i'd share it anyway,,memes
Hello dad.,,memes
It's true,,memes
Rubbermaid for Criminals,,memes
Lucky me üòÇüòÇ,,memes
Not about Area 51,,memes
"Trust me, I know what I‚Äôm doing",,memes
My mom said she‚Äôll think about it,,memes
The only one and true god,,memes
S P O O K Y!,,memes
The downfall of the government as we know it,,memes
Just a repost,,memes
Our FBI agents are all really disappointed in all of us,,memes
New meta,,memes
Big oof,,memes
90 years old me*,,memes
Area 51,,memes
These weebs are gonna do it lol,,memes
Big brain time,,memes
Look at this maniacal genius,,memes
Impossible it seems! But it‚Äôs true! What u/Wdking1976 says is true!,,memes
With the right motivation you can accomplish anything.,,memes
"‚ÄúIf ya love somethin', let it go. If it comes back to you, you own it. If it doesn't, you don't own it. And if it doesn't, you're an assshole, just like you.‚Äù",,memes
he only needs to use 10% of his power,,memes
Please repost,,memes
Reddit rn,,memes
Test meme,,memes
I'm getting tired of seeing just Area 51 memes,,memes
Too bad I don't live nearby,,memes
Run run run,,memes
What about the other 50 areas?,,memes
"In the Netherlands we say:""Jong geleerd is oud gedaan""",,memes
Aw sheet,,memes
You just have to trust me,,memes
Whose going? My stepdad Steve said he can take me,,memes
My dad made a meme what do y‚Äôall think?,,memes
"Thank you Facebook, very cool!",,memes
I'm dangerous,,memes
Do not enter,,memes
"WW2 jokes are still funny l, right?",,memes
Happens too often.,,memes
Chaaaaaaargeeeee,,memes
Holy shit,,memes
I think that‚Äôs what I was.,,memes
relatable meme,,memes
fair enought,,memes
Break from the Area 51 memes,,memes
Simon : you nou what? I am gunna give you mah goulden buzzah!!,,memes
They serve a valid purpose....,,memes
Im so happy right now,,memes
Finding Neverland,,memes
Florida Man strikes again,,memes
"Good lord, they‚Äôre evolving",,memes
"""O chin chin,oh chin chin.""",,memes
I see this as an absolute win,,memes
Happy cheetah,,memes
Our secret weapon,,memes
It was all planned,,memes
"Cute,Cute,Cute,Cook",,memes
Top 10 anime betrayals,,memes
Ooohhhhh god,,memes
"I cant sleep, i need answers",,memes
INTERESTING.,,memes
can someone confirm this?,,memes
old blues clues was the best,,memes
It works everytime.,,memes
cavalry is here lads,,memes
can i get uhhhhhhhhhhhhhhhhhhhhhhhhh,,memes
Area 51 doesn‚Äôt know what‚Äôs about to hit them,,memes
We DLC bois now,,memes
Mom please,,memes
"This could get nasty, folks",,memes
"In any FBI agent reads this, I'm kidding and totally didn't witness anything.",,memes
*applauds in mime*,,memes
*Cough cough achoo sickness noises*,,memes
Ride or die,,memes
Big Brain Time Bois,,memes
The pantheon isn‚Äôt complete without Clarkson,,memes
Mom y u no understand,,memes
"Thanks grandma, knitted edible underwear...",,memes
Katanas and flamethrowers my dudes,,memes
Enchant it too,,memes
Guess what day it is,,memes
PSA for people raiding Area 51,,memes
We can do a GANGBANG,,memes
please help send the doots as i wasted too much time on this i cant even wear my iron boots,,memes
Me in real life,,memes
"Seriously though, this isn't ok",,memes
this cant be coincidence now,,memes
Stop it,,memes
High IQ meme,,memes
I am getting bored with the Area 51 memes now,,memes
Seriously which idiot set the date of the raid so far ahead,,memes
Nothing suspicious here,,memes
Time to put an end to it all,,memes
Accurate depiction of the Area 51 storm,,memes
finally a good reason to roadrage,,memes
Mission accomplished,,memes
They want to see their families,,memes
happy guard noises,,memes
The anime girls are waiting for us,,memes
Start sharing this,,memes
Disney confirmed porg killers,,memes
This is the part where you run away,,memes
Was sorting by popular and found something game changing,,memes
When the bois come pick me up to go to Area 51,,memes
How does it feel?,,memes
Sorry it's not area51 meme.,,memes
Let us celebrate this day,,memes
The naruto runners wont have a problem,,memes
Not An AREA 51 MEME!,,memes
The ultimate plan,,memes
Uncultured swine.,,memes
"True, True",,memes
gotta add monster energy to the list,,memes
Florida Man receives a challenger,,memes
Is this meme dead yet?,,memes
Hanging out in the garage,,memes
Great Dishonor!,,memes
Answers...,,memes
Absolute mad lad,,memes
now we have to,,memes
"You have so much to learn, Japanese man",,memes
Every. Single. Time.,,memes
Damn CJ,,memes
"hopefully, this meme doesn't suck, lol",,memes
It do b like dat doe,,memes
Fast travel,,memes
*confused dad noises*,,memes
theyre dead,,memes
That damn phone,,memes
they're screwed,,memes
He fooled us all,,memes
We got a plan boys,,memes
Ready for take off ‚úàÔ∏è,,memes
Area 51 memes fuckin everywhereüò≥,,memes
Shame on you,,memes
It smells like a üê±,,memes
we outta there in style üòé,,memes
I‚Äôve beat the whole series,,memes
Throw them over the new space wall,,memes
Oh shit a spider,,memes
I‚Äôm looking forward to this,,memes
hIt ThAt LiKe BuTtOn In ThE fAcE,,memes
Short Keanu is still funny,,memes
I heard this picture,,memes
THOREAL- Because I‚Äôm worthy,,memes
"""Fine, I guess I'll just tuck the laces into my shoes then.""",,memes
Will you be one of them?,,memes
Let‚Äôs not forget who is actually the strongest,,memes
Everyone counts,,memes
Make sure to sleep so you respawn soldiers,,memes
Guess what another Area 51 meme,,memes
I be right back mom,,memes
"Hey Vsauce, Michael here",,memes
THe WritERs aRe FrOm ArEA 51,,memes
Who knows,,memes
"Global warming, all",,memes
What it do baby.,,memes
Hol' Up,,memes
*virginity intensifies*,,memes
Pls raid,,memes
Perfection doesn not exi...,,memes
Area 52 here we go,,memes
"don't look, I'm warning you",,memes
What a time to be alive,,memes
Just laughing it up with the boys,,memes
I wondered about it when I was little,,memes
Bomb Science Explained,,memes
Minecraft&gt;&gt;,,memes
The 9/20 massacre,,memes
Stranger Things season 3,,memes
gone but never forgotten,,memes
I heard he only used 10% of his powers,,memes
me and the boys,,memes
Gotta get that portal gun so I can break jnto Area52,,memes
‚ÄúCOME ON KAREN!‚Äù,,memes
I know you don't need to point it out,,memes
"Good luck, bring some hairs from harambe back for me okay?",,memes
Shame on you,,memes
Ippity pippity all people who stormed Area 51 got fucking massacred,,memes
Everyone did this.,,memes
When it‚Äôs Harrison fords birthday but no one is posting about it,,memes
Dad? Is that you?,,memes
Think about it..,,memes
Nestle can burn in Hell,,memes
Hope you can relate,,memes
"Don't listen, they're lying.",,memes
Yet another Arena 52 meme,,memes
Its happening,,memes
Me and the boys showing up to jeopardize national security,,memes
Can I speak to your mana‚Äî,,memes
The true story,,memes
That's a yikes from me,,memes
The god has spoken,,memes
How it will be,,memes
*Not an Area 51 meme*,,memes
A dream come true,,memes
i think i‚Äôll forget lmaoo,,memes
Test if I can post,,memes
Asking the real questions...,,memes
When you walking,,memes
Ive got a warm shoulder just for you,,memes
Now is our chance we just have to get him on board,,memes
We get into the base and they don't die. I see this as an absolute Win.,,memes
*sad church noises*,,memes
It seemed like a good idea,,memes
September 21st: opening insta to selfies with the aliens,,memes
Those dang chickens!,,memes
This is gonna happen,,memes
Throwin this in to help balance the shitposts,,memes
Yeah it‚Äôs big brain time,,memes
I would take him too tbh,,memes
Hypotheses are the best,,memes
Area 51 meme for you,,memes
*Visible Confusion*,,memes
Tomorrow we'll hate them,,memes
when it don‚Äôt be like that,,memes
Area 69,,memes
Let's go dude,,memes
Area 51 can't handle the power.,,memes
Passing da torch,,memes
It's in their most reserved safe,,memes
Not like this,,memes
Are Area 51 memes allowed here?,,memes
A message from Uncle Sam,,memes
He asked me to do it tho...,,memes
Sep 20th,,memes
John fuc*ing Wick,,memes
Reality is often disappointing,,memes
Sad boi moments,,memes
He's kinda disappointed,,memes
this hits close to home.,,memes
"ooh, interested twist",,memes
Kahoot &gt; Photoshop,,memes
Cool OC,,memes
Do me proud boys,,memes
I‚Äôve seen this raw strength only once.,,memes
I don‚Äôt think even that many will show up...,,memes
A R E A 5 1,,memes
Wombo combo meme,,memes
Storm Area 51 - Plan of action (Updated),,memes
Thank you.,,memes
Way too realistic for me thanks though,,memes
I just want to watch the Area 51 raid highlights,,memes
Don't eat your pets,,memes
"Roses r red,my name is not dave,this poem makes no sense,microwave",,memes
The more you know....,,memes
Sad but true,,memes
it's going to be beautiful,,memes
Let do it,,memes
"Spears shall be shaken, shields shall be splintered!",,memes
Is Keanu still cool?,,memes
I'm at como wanna hang up?,,memes
Very Embarrassing .,,memes
Believe it...,,memes
To the window to the wall!,,memes
Makes senses.,,memes
Comrades good,,memes
Thanks for the silver kind stranger,,memes
Finally made enough pamphlets!,,memes
I only speak the truth,,memes
No but for real i cant keep myself form doing this,,memes
Just in case,,memes
We need to stop instagram,,memes
Thanks for helping,,memes
His power is too strong.,,memes
I‚Äôm laughing bi myself.,,memes
Do it for ET,,memes
Brilliant strategy,,memes
me and the boys with our aliens in heaven,,memes
F R E S H,,memes
biggest oof ever,,memes
Just leave me here please,,memes
Obligatory area 51 meme,,memes
Probably done before,,memes
I always knew he was real,,memes
And they also take away your Reddit access for starting the raid.,,memes
Bow down,,memes
We'll win now,,memes
"Go, we must",,memes
Priest 100,,memes
I know this all too well..,,memes
Words words words,,memes
Watcha doin?,,memes
Imagine waking up to people thinking there are more than 2 genders,,memes
relevant,,memes
Haha lol amirite?,,memes
Maybe this wasn‚Äôt the best idea...,,memes
This is just for entertainment purposes,,memes
First time ?,,memes
The truth has been spoken.,,memes
Them not funny,,memes
Is reddit getting lazy?,,memes
September 20,,memes
Aliens? Nah. Forget aliens.,,memes
Unfortunately,,memes
First post here,,memes
No regretti,,memes
Maybe they will help ??,,memes
Oh no he's real everybody run,,memes
Naruto running to Area 51,,memes
Should be about 10 of them,,memes
"""Japan"" vs Murica",,memes
something something mixed formats,,memes
We won Mr. Stark,,memes
Malala Yousafzai,,memes
Reupload because I forgot watermark,,memes
Time to change plans,,memes
Hey look it‚Äôs Todd,,memes
Reee gamer reeee,,memes
Do you remeber?,,memes
*confused screaming*,,memes
The infiltration plan in a nutshell,,memes
Area 51....,,memes
The real hero,,memes
Just so you guys know,,memes
I‚Äôm sorry for the low quality I‚Äôm doing this on my phone,,memes
whats up internet,,memes
Like em big,,memes
Always happens...,,memes
I require your help human,,memes
And it's a DeLorean no lessüôÜüèª‚Äç‚ôÄÔ∏è,,memes
This year in a nutshell,,memes
Anyone with me ?,,memes
wOw YoU mUsT bE lIkE 100,,memes
"‚ÄúIt‚Äôs ok buddy, we‚Äôre from the union‚Äù",,memes
Here's the plan bois,,memes
Credit: u/orangemop,,memes
Its gonna be beautiful,,memes
Let's be real,,memes
Dinnerbone,,memes
Reddit this week,,memes
Laughs in krama whore,,memes
furries aren't expendable soldiers in our attacks tho,,memes
Our time has come,,memes
The real reason to avoid Area 51,,memes
Head of firery hair and a turbo charged backpack,,memes
"‚ÄúIm a bit of a genius myself, ya know.‚Äù",,memes
The world can't afford to lose people like you,,memes
And thats a fact,,memes
Squints eyes at Valve,,memes
*sad noises*,,memes
This will probably get reposted onto Instagram.,,memes
Babe it says omg on this bottle,,memes
Oh god oh fuck,,memes
When an eyelash goes in my eye,,memes
We bout to fuck up ETs vacation home.,,memes
It's all about strategy.,,memes
Never mess with the chief,,memes
This is true,,memes
Why is there a Taco store at Area 51,,memes
üéµ I hate my fucking job üéµ,,memes
who‚Äôs gonna tell them,,memes
Our lord will lead the charge,,memes
They can‚Äôt stop us we have the creative menu also,,memes
Target eliminated,,memes
Soon we will spam memes about people spamming memes about area 51,,memes
We may be able to do this,,memes
Spreading high quality OC from reddit across instagram since 2014,,memes
They are back at it again and I saw this meme on reddit like 2 weeks ago wth instagram?,,memes
Is anybody else scared of getting shot?,,memes
"Yep, and I‚Äôll do it again",,memes
I got yall,,memes
OC maymay,,memes
"No, i don't think I will",,memes
"Alright, then. Keep your secrets.",,memes
Can't wait to put my dick in the pack a punch,,memes
Wellll.......u cant argue with that,,memes
Mom this is for school,,memes
Stonker ponker,,memes
How could you here it!!!!?,,memes
It do be like that,,memes
Actually quantum mechanics forbids this,,memes
A non area 51 meme,,memes
It ain't gonna stop until we sign a petition,,memes
"True to the Meme in victory or defeat, for professionals have standards.",,memes
*confused screaming,,memes
i think theres a pattern,,memes
Wholesome 100,,memes
You are entertaining!,,memes
Les run to our deaths boi!,,memes
Am I too late?,,memes
Perfect candidate to Storm Area 51,,memes
We‚Äôre ready,,memes
Disappointed aliens,,memes
Baptised by Monster Energy,,memes
"or even better, area 69",,memes
New format (OC),,memes
We storming area 51,,memes
They knew we would find it anyway,,memes
And that's a fact,,memes
+ 20 years of jail time,,memes
Who the hell actually thinks it would be a good idea to let them escape?,,memes
Also Made with 15 minutes,,memes
Dictators be like,,memes
How long till these memes get run into the ground.,,memes
*IMPORTANT PSA*,,memes
"Battle over, we did it",,memes
You are going to hell if you get this,,memes
Can't suppress it,,memes
Last one since it's getting boring,,memes
Guys please my mom said I have to be back by 8:30,,memes
"The first 5,000 were pretty funny.",,memes
Are you going?,,memes
"no, no, stop, it's illegal! oh you don't care... nvm",,memes
RIP Ned Kelly,,memes
Sorr all,,memes
"Late to the game, but I applaud the effort!",,memes
Dark mode friendly,,memes
When the day comes...,,memes
Matt is inevitable,,memes
This is what we would find in area 51,,memes
"If you know it, you know it",,memes
It will be a sad day when that happens,,memes
This is so sad,,memes
The subreddit right now:,,memes
Just another area 51 meme,,memes
Lil baby goats ü•∞,,memes
Please can I keep it,,memes
It only makes sense y'all !,,memes
I'm still confused,,memes
Another Area 51 meme,,memes
Excuse me what the fuck!!,,memes
I need to see those aliens,,memes
There was a reason for locking him in that area,,memes
Biggie &amp; Tupac ain't dead,,memes
You ARE the pizza,,memes
When you would love to Raid Area 51 but you actually live there ....,,memes
Can‚Äôt follow orders,,memes
RIP Tyrone,,memes
Bush did 9/11,,memes
Oi maite!,,memes
But can you rock 16th century garbs though?,,memes
Interesting ...,,memes
"This kid must be vaccinated, cause it's autistic af",,memes
Perfect relationship plan.,,memes
Salute the brave Kyle's,,memes
Don‚Äôt let em in dad,,memes
I think I have a engineering degree now,,memes
8008135,,memes
360 no scope plot twist,,memes
Idk why she gets so mad at me,,memes
Skateboarding with your baby!,,memes
Discretion is gonna be key,,memes
Has the truth really been revealed?,,memes
Survive of ~~the fittest~~ someone with basic sense,,memes
It's not that complicated.,,memes
They won‚Äôt stand a chance,,memes
Reddit right now,,memes
That girl looks 4 and 44 at the same time,,memes
‚ÄúNormies won‚Äôt get it‚Äù,,memes
Big OOF moment,,memes
Come with me üòâ,,memes
"Meh, one more.",,memes
we have to save Howard the alien,,memes
We want our spaceships back,,memes
These aliens are locked in area 51.,,memes
this is fine.,,memes
Ah that's hot,,memes
oh god ah frick,,memes
Someone fill me in,,memes
Both of them collide to make one.,,memes
Aliens use reddit now,,memes
US access only,,memes
Drunkenstain vs drunkenstain,,memes
*Menacing* (Reuploaded because of spelling mistakes),,memes
Maybe I shouldn't have joined the raid...,,memes
I salute you!,,memes
Area 51 raid idea 2,,memes
Lets get our boy out of there!,,memes
THE PLAN,,memes
Nothing to see here..,,memes
Time to capitalize,,memes
I‚Äôm Perfectly fine!....üò¢,,memes
The Actual Brains Behind The Area 51 Raid,,memes
Blueface : ummm yeah Igh..Igh uh no.,,memes
Quadruple crossover meme interrogation mark,,memes
toDays sOcIetY,,memes
Someone's in deep shit now.,,memes
Image from r/cursedimages,,memes
Y.O.L.O.,,memes
He died so that we could live,,memes
There is no spoon,,memes
I dont think anyone has done this yet ‚ò≠,,memes
lets save them aliens boys,,memes
Bois assemble,,memes
No other option,,memes
Ba dum tush,,memes
Gamers rise up,,memes
Rip thechatforthatdude,,memes
Finally new material!,,memes
This will work!,,memes
"The Shagster Is Ready, ZOINKS !",,memes
Kyles reunite!!!,,memes
Only gamers will understand,,memes
"Nice try, but we had it solved all along",,memes
Assemble in Chat Room C autists,,memes
Oh boy I can‚Äôt wait!,,memes
They gone till September,,memes
I've got a way in,,memes
you gotta be careful with them,,memes
Outstanding move,,memes
Extra boobie!,,memes
Honey !,,memes
made with google slides,,memes
I'm in this picture and I don't like it... 2,,memes
People won‚Äôt stalk your weird comment history,,memes
Not a bad idea,,memes
Are you ready kids!?!?,,memes
GOD PLEASE NO!,,memes
"Be a bro, save a bee bro.",,memes
Unless I post them :/,,memes
We should stop for now,,memes
Worth It,,memes
"We almost lost, I'm from the future",,memes
Not even we are safe,,memes
That‚Äôs me in the spotlight,,memes
Let‚Äôs free them,,memes
What should I do with my crush?,,memes
Coming back with your new homie but mom says no aliens in the house,,memes
Tune in next week...,,memes
Time for a change,,memes
My wife gave birth about 9 months after her visiting Area 51,,memes
Put it back! Put it back!!,,memes
Do do do do do do do do do,,memes
RIP my brother who doesn‚Äôt have enough k arma to post here,,memes
A Joy most shall not feel,,memes
Fire in the sky,,memes
I‚Äôve always liked the upper gums and that‚Äôs the tooth...,,memes
I‚Äôll take one alien and one cat girl,,memes
Charge!,,memes
This is going to be a weeb massacre,,memes
de ja vu,,memes
Not much to say about this,,memes
You might remember this ad campaign from 2006... Dr. Hawking was a titan among men and he is missed.,,memes
True lol,,memes
we have the best soldier,,memes
is this still relevant?,,memes
Ar(EA) 51,,memes
Where me and the boys will feast before invading Area 51,,memes
Lets clap 'em alien cheeks,,memes
Rock-n-Roll Time,,memes
Figured someone would appreciate the fruit of my labor,,memes
"No man can stop him, or alien.",,memes
Y'all ready,,memes
now here's a little lesson in thievery-,,memes
Accurate representation of today's memes,,memes
Breathtaking,,memes
Will he ever die?,,memes
Let's get this done,,memes
Wonna join us?,,memes
I Did a big think with this meme love it,,memes
"Come on, we can do better.",,memes
The US government took it away because it was to much of masterpiece that the world would end.,,memes
"Help us, oh, great ones!",,memes
Gear up bois.,,memes
When you try your best but you don't succeeeeedd :(,,memes
Yeah this is big brain time,,memes
Area 51's Janitor.,,memes
oh my gosh a little baby horse!!,,memes
If this is gonna happen we should do it at night after it cools off,,memes
I was scrolling through instagram,,memes
Finally some good fuckin memes,,memes
hIgH iQ mEMe,,memes
He‚Äôs an idiot,,memes
I got my priorities sorted,,memes
It was an inside job!,,memes
Great idea spooderman,,memes
The more you know,,memes
Hurt where it matters.,,memes
It do be like that sometimes,,memes
Use Area 51 To Destroy Area 51,,memes
Area 51 is taking over,,memes
My FBI nibbas where you at??,,memes
We all know why...,,memes
He refused to let his stepdad teach him how to fix things though.,,memes
September 20th bois,,memes
Lil alien,,memes
can relate,,memes
not area 51,,memes
Europe is supporting the project,,memes
The battle of the century,,memes
Don‚Äôt worry my dad has an inside position,,memes
Posting an old meme so thieves can sneaky sneaky,,memes
Ladies! Find yourself a man that can cook!,,memes
Please mom! Please,,memes
"Hey Michael, Vsauce here",,memes
Me and the boys getting the n word pass,,memes
Half a million people are born cool too,,memes
Hmmm seems like I got the wrong ticket.,,memes
Thanks john,,memes
Don't do that don't give me hope,,memes
Hopefully this doesn‚Äôt die in all the Area 51 posts,,memes
Fuck hide the aliens,,memes
"Sorry, Karen",,memes
Who else is going,,memes
People around my neighborhood have been disappearing,,memes
It‚Äôs eggcruciating,,memes
Somebody saaaaave me,,memes
Just what if,,memes
The hardest choices require the strongest wills.,,memes
Only true raiders know what this bad boy is,,memes
Oh shot.,,memes
Ballistic missile gibby,,memes
Only guys can relate,,memes
"PETA bad, Disney bad, Nestle bad. Being bad IS a human right",,memes
The true power of the source block.,,memes
You're an embarrasment,,memes
They can‚Äôt catch all of us,,memes
Who's down?,,memes
Tell me it's not true.,,memes
Very sad.,,memes
Gotta teach the human ways,,memes
Good luck y'all,,memes
He said it,,memes
Reddit is superior,,memes
The beauty of the internet on full display,,memes
Welp your f*cked,,memes
Ricky Berwick storming area 51 needs to be a Netflix series..,,memes
Keanu=good guy,,memes
What about noobmaster 69?,,memes
"Surprisingly, yes",,memes
Rule #35 in Rocket League,,memes
"Good thinking ( not mine, from Facebook)",,memes
When no one shows up lmao,,memes
Everyone knows it‚Äôs actually Knack 2,,memes
Low key that shits wack af,,memes
I dont need sleep I need answers,,memes
The Real Reason,,memes
Impossible.,,memes
Is this dead,,memes
My last improve in my security system,,memes
BZZZzzoww KABOOM,,memes
How does it feel?,,memes
"This is BS, that some people think it's okay for WOMAN to be killed, but not for her to join a tournament",,memes
They probably made the facebook post themselves,,memes
We must get them on our side,,memes
Whip nae nae area51 gae,,memes
Finally got a release date...,,memes
What do YOU got there?,,memes
Oklahoma Man vs Florida Man,,memes
we got em bois,,memes
Ahem! Ahem! Ahem!,,memes
The FBI don't know what's coming *evil laughter*,,memes
The difference between,,memes
Splitting seas before it was cool,,memes
Mom said I could come in.,,memes
They shitting their pants right now,,memes
They‚Äôre moving the space ships as we speak!,,memes
We boutta go to space,,memes
They cant stop us all,,memes
This hits....,,memes
Well that escalated quickly,,memes
Such a small thing makes a great war.,,memes
Turning this upside down would kinda ruin this meme,,memes
Had a thought,,memes
We just wanted some alien titty,,memes
The things I do for money,,memes
Rise up Gamers!,,memes
Are you really in charge here?,,memes
When you're not even in touch with your crush,,memes
Me opening area 51 facility,,memes
ironic post,,memes
Guess I'll just add to the pile,,memes
It rhymes tho,,memes
Everyone likes Reddit,,memes
Intellectual stonks,,memes
"One of my first original memes, please don‚Äôt murder me",,memes
"Well well, how the turntables",,memes
Well hello there,,memes
dont forget the attack plan,,memes
it be like that sometimes,,memes
"hey me, sup?",,memes
A smoothie?,,memes
But they said..,,memes
Chick fil a makes heroes,,memes
When a human Naruto runs by your stasis pod,,memes
More like 1 person amiright,,memes
I don‚Äôt see the difference,,memes
Avengers Assemble,,memes
That's actually a good reason,,memes
The military trying to move he aliens before the Area 51 raid,,memes
Area 51 here I come,,memes
really nice,,memes
Smarts 100,,memes
They got the aliens locked up tight bois,,memes
Area 51 raid,,memes
It happened several times.,,memes
Big Chungus naruto running,,memes
Me n the bois raiding area 51,,memes
Old town road: The Game,,memes
Area 51 it is,,memes
It‚Äôs true,,memes
epic gamer plan,,memes
True story,,memes
Apes are strong together,,memes
Hope we‚Äôre not past the time traveler jokes yet,,memes
A little non-Area 51 meme to brighten your day,,memes
So adorable.,,memes
"This guy is just WAITING at Area 51, you know it",,memes
Heh nothing personal kid,,memes
Area 51 gone!!,,memes
Why is this true?,,memes
Do you know Ken?,,memes
How I feel on Reddit right now,,memes
The way to breach,,memes
Jess√© jess√© jess√©,,memes
Gotta be precise,,memes
Top 10 questions science still can‚Äôt answer,,memes
Looks like its time to oil up.,,memes
Shit's about to go down boys,,memes
do tweets count as OC's?,,memes
Castle crashers is such a fun game,,memes
Didnt think about this did you?,,memes
Yeah ight,,memes
"Thanks, my dude",,memes
It's rewind time,,memes
*Laughs in bacteria*,,memes
They can't swat us all,,memes
Current mood,,memes
Kyle don‚Äôt you dare !!,,memes
It‚Äôs just not a good idea,,memes
Freshright you say?!?,,memes
"Wait, what?!",,memes
StOp ThE MemEs tHeY aRe alL goNna dIE (yep all 6 of them),,memes
It's about to expire,,memes
"Like Stan lee, Stef√°n Karl Stef√°nsson, etc.",,memes
Looking foward to seeing you there.,,memes
Need that 240 FPS 4k ray tracing or its unplayable SMH,,memes
February 14th no longer spent alone,,memes
The government is really fucked now,,memes
Hacker man,,memes
*Walmart scooter slowly comes to a stop*,,memes
Today can tell,,memes
Area 51 - The day after,,memes
"""It's actually quite simple""",,memes
Crossover episode,,memes
I am unstoppable.,,memes
All legends in their own right.,,memes
Everybody here will get it,,memes
Just 399,,memes
This format is fine and dandy,,memes
Satellites coming out yo butt,,memes
Found this on r/gaming,,memes
Maya HEE. Maya HAA. Maya HAA. MAYA HAHA,,memes
Area 51,,memes
It's classified for a reason,,memes
Gonna beat me some green cheeks,,memes
N-word pass for everyone,,memes
A small price to pay for salvation,,memes
When the last Naruto Runner finally goes down,,memes
We were supposed to destroy them,,memes
They can't stop us all,,memes
World War 1 life for Hitler,,memes
A note about bullying little kids on YouTube,"If you do it here, you'll be banned, no questions.

This isn't a place to incite hatred and ruin a kid's life over their opinion of a celebrity (or anything else, for that matter).

[Shit like this right here is what we're talking about.](https://i.imgur.com/PNv61Yg.jpg)

Remember the human.

Thank you.

EDIT: Some other examples:

[Titled, ""Do your part""](https://i.imgur.com/h8FMta3.png)

[Titled, ""Time for a crusade""](https://i.imgur.com/lbanOhP.jpg) (shown actual size, sadly)",memes
"I did a thing, I think...",,memes
I wish i could get one too,,memes
not an Area 51 meme,,memes
who is actually going?,,memes
They can‚Äôt stop all of us,,memes
Got you xdddd,,memes
"Ah shit, here we go again",,memes
Poor guy,,memes
I need this,,memes
High IQ meme,,memes
Being an Adult,,memes
Here¬¥s a little lesson in trickery,,memes
Easy way in boys,,memes
Upcoming situation at Area 51.,,memes
Complete destruction,,memes
Big oof,,memes
the perfect disguise,,memes
Memecraft amirite,,memes
‚ÄúBet you didn‚Äôt see that coming‚Äù,,memes
Mega yikes,,memes
He‚Äôs back,,memes
They got my business.,,memes
Carefully he is an idiot,,memes
Goodbye again Sweet Prince,,memes
Godamn finally,,memes
